loss,grad_norm,learning_rate,epoch,step,eval_loss,eval_f1,eval_precision,eval_recall,eval_runtime,eval_samples_per_second,eval_steps_per_second,train_runtime,train_samples_per_second,train_steps_per_second,total_flos,train_loss
0.575,0.17295899987220764,1.3334355514668302e-05,1.0,6522,,,,,,,,,,,,
,,,1.0,6522,0.548005998134613,0.7418315453330079,0.7499458436387002,0.7382704691812327,49.6599,131.333,32.843,,,,,
0.5527,28.616586685180664,6.6676888480016355e-06,2.0,13044,,,,,,,,,,,,
,,,2.0,13044,0.5340039730072021,0.7422926743063413,0.7600333396223884,0.7373505059797608,49.2615,132.395,33.109,,,,,
0.5477,3.647982120513916,1.0221813349688235e-09,3.0,19566,,,,,,,,,,,,
,,,3.0,19566,0.536137044429779,0.7444823024892768,0.7614535968873464,0.7396504139834407,49.149,132.699,33.185,,,,,
,,,3.0,19566,,,,,,,,1801.3588,43.442,10.862,1808489770010280.0,0.5584686974934197
